/**  data for sps_addresstype */
 
INSERT INTO `smartparking`.`sps_addresstype` (`typeId`,`type`,`description`) VALUES (1,'Organization','organization adddress');
INSERT INTO `smartparking`.`sps_addresstype` (`typeId`,`type`,`description`) VALUES (2,'Zone','parking zone address');
INSERT INTO `smartparking`.`sps_addresstype` (`typeId`,`type`,`description`) VALUES (3,'Zone_Support','zone support address');
 
/**  data for sps_country */
 
INSERT INTO `smartparking`.`sps_country` (`countryId`,`country`,`status`) VALUES (1,'United States',1);
INSERT INTO `smartparking`.`sps_country` (`countryId`,`country`,`status`) VALUES (2,'India',1);
 
/**  data for sps_state */
 
INSERT INTO `smartparking`.`sps_state` (`stateId`,`state`,`countryId`,`status`) VALUES (1,'California',1,1);
INSERT INTO `smartparking`.`sps_state` (`stateId`,`state`,`countryId`,`status`) VALUES (2,'New York',1,1);
INSERT INTO `smartparking`.`sps_state` (`stateId`,`state`,`countryId`,`status`) VALUES (3,'West Virginia',1,1);
INSERT INTO `smartparking`.`sps_state` (`stateId`,`state`,`countryId`,`status`) VALUES (4,'Alabama',1,1);
INSERT INTO `smartparking`.`sps_state` (`stateId`,`state`,`countryId`,`status`) VALUES (5,'Alaska',1,1);
INSERT INTO `smartparking`.`sps_state` (`stateId`,`state`,`countryId`,`status`) VALUES (6,'Arizona',1,1);
INSERT INTO `smartparking`.`sps_state` (`stateId`,`state`,`countryId`,`status`) VALUES (7,'Arkansas',1,1);
INSERT INTO `smartparking`.`sps_state` (`stateId`,`state`,`countryId`,`status`) VALUES (8,'Colorado',1,1);
INSERT INTO `smartparking`.`sps_state` (`stateId`,`state`,`countryId`,`status`) VALUES (9,'Connecticut',1,1);
INSERT INTO `smartparking`.`sps_state` (`stateId`,`state`,`countryId`,`status`) VALUES (10,'Delaware',1,1);
INSERT INTO `smartparking`.`sps_state` (`stateId`,`state`,`countryId`,`status`) VALUES (11,'Florida',1,1);
INSERT INTO `smartparking`.`sps_state` (`stateId`,`state`,`countryId`,`status`) VALUES (12,'Georgia',1,1);
INSERT INTO `smartparking`.`sps_state` (`stateId`,`state`,`countryId`,`status`) VALUES (13,'Hawaii',1,1);
INSERT INTO `smartparking`.`sps_state` (`stateId`,`state`,`countryId`,`status`) VALUES (14,'Idaho',1,1);
INSERT INTO `smartparking`.`sps_state` (`stateId`,`state`,`countryId`,`status`) VALUES (15,'Illinois',1,1);
INSERT INTO `smartparking`.`sps_state` (`stateId`,`state`,`countryId`,`status`) VALUES (16,'Indiana',1,1);
INSERT INTO `smartparking`.`sps_state` (`stateId`,`state`,`countryId`,`status`) VALUES (17,'Iowa',1,1);
INSERT INTO `smartparking`.`sps_state` (`stateId`,`state`,`countryId`,`status`) VALUES (18,'Kansas',1,1);
INSERT INTO `smartparking`.`sps_state` (`stateId`,`state`,`countryId`,`status`) VALUES (19,'Kentucky',1,1);
INSERT INTO `smartparking`.`sps_state` (`stateId`,`state`,`countryId`,`status`) VALUES (20,'Louisiana',1,1);
INSERT INTO `smartparking`.`sps_state` (`stateId`,`state`,`countryId`,`status`) VALUES (21,'Maine',1,1);
INSERT INTO `smartparking`.`sps_state` (`stateId`,`state`,`countryId`,`status`) VALUES (22,'Maryland',1,1);
INSERT INTO `smartparking`.`sps_state` (`stateId`,`state`,`countryId`,`status`) VALUES (23,'Massachusetts',1,1);
INSERT INTO `smartparking`.`sps_state` (`stateId`,`state`,`countryId`,`status`) VALUES (24,'Michigan',1,1);
INSERT INTO `smartparking`.`sps_state` (`stateId`,`state`,`countryId`,`status`) VALUES (25,'Minnesota',1,1);
INSERT INTO `smartparking`.`sps_state` (`stateId`,`state`,`countryId`,`status`) VALUES (26,'Mississippi',1,1);
INSERT INTO `smartparking`.`sps_state` (`stateId`,`state`,`countryId`,`status`) VALUES (27,'Missouri',1,1);
INSERT INTO `smartparking`.`sps_state` (`stateId`,`state`,`countryId`,`status`) VALUES (28,'Montana',1,1);
INSERT INTO `smartparking`.`sps_state` (`stateId`,`state`,`countryId`,`status`) VALUES (29,'Nebraska',1,1);
INSERT INTO `smartparking`.`sps_state` (`stateId`,`state`,`countryId`,`status`) VALUES (30,'Nevada',1,1);
INSERT INTO `smartparking`.`sps_state` (`stateId`,`state`,`countryId`,`status`) VALUES (31,'New Hampshire',1,1);
INSERT INTO `smartparking`.`sps_state` (`stateId`,`state`,`countryId`,`status`) VALUES (32,'New Jersey',1,1);
INSERT INTO `smartparking`.`sps_state` (`stateId`,`state`,`countryId`,`status`) VALUES (33,'New Mexico',1,1);
INSERT INTO `smartparking`.`sps_state` (`stateId`,`state`,`countryId`,`status`) VALUES (34,'North Carolina',1,1);
INSERT INTO `smartparking`.`sps_state` (`stateId`,`state`,`countryId`,`status`) VALUES (35,'North Dakota',1,1);
INSERT INTO `smartparking`.`sps_state` (`stateId`,`state`,`countryId`,`status`) VALUES (36,'Ohio',1,1);
INSERT INTO `smartparking`.`sps_state` (`stateId`,`state`,`countryId`,`status`) VALUES (37,'Oklahoma',1,1);
INSERT INTO `smartparking`.`sps_state` (`stateId`,`state`,`countryId`,`status`) VALUES (38,'Oregon',1,1);
INSERT INTO `smartparking`.`sps_state` (`stateId`,`state`,`countryId`,`status`) VALUES (39,'Pennsylvania',1,1);
INSERT INTO `smartparking`.`sps_state` (`stateId`,`state`,`countryId`,`status`) VALUES (40,'Rhode Island',1,1);
INSERT INTO `smartparking`.`sps_state` (`stateId`,`state`,`countryId`,`status`) VALUES (41,'South Carolina',1,1);
INSERT INTO `smartparking`.`sps_state` (`stateId`,`state`,`countryId`,`status`) VALUES (42,'South Dakota',1,1);
INSERT INTO `smartparking`.`sps_state` (`stateId`,`state`,`countryId`,`status`) VALUES (43,'Tennessee',1,1);
INSERT INTO `smartparking`.`sps_state` (`stateId`,`state`,`countryId`,`status`) VALUES (44,'Texas',1,1);
INSERT INTO `smartparking`.`sps_state` (`stateId`,`state`,`countryId`,`status`) VALUES (45,'Utah',1,1);
INSERT INTO `smartparking`.`sps_state` (`stateId`,`state`,`countryId`,`status`) VALUES (46,'Vermont',1,1);
INSERT INTO `smartparking`.`sps_state` (`stateId`,`state`,`countryId`,`status`) VALUES (47,'Virginia',1,1);
INSERT INTO `smartparking`.`sps_state` (`stateId`,`state`,`countryId`,`status`) VALUES (48,'Washington',1,1);
INSERT INTO `smartparking`.`sps_state` (`stateId`,`state`,`countryId`,`status`) VALUES (49,'Wisconsin',1,1);
INSERT INTO `smartparking`.`sps_state` (`stateId`,`state`,`countryId`,`status`) VALUES (50,'Wyoming',1,1);
INSERT INTO `smartparking`.`sps_state` (`stateId`,`state`,`countryId`,`status`) VALUES (51,'Uttar Pradesh',2,1);
INSERT INTO `smartparking`.`sps_state` (`stateId`,`state`,`countryId`,`status`) VALUES (52,'Delhi',2,1);
INSERT INTO `smartparking`.`sps_state` (`stateId`,`state`,`countryId`,`status`) VALUES (53,'Maharashtra',2,1);
 
 
/**  data for sps_address */
 
INSERT INTO `smartparking`.`sps_address` (`addressId`,`type`, `addressline1`, `addressline2`, `city`, `state`, `country`, `zipcode`, `primaryNumber`, `secondaryNumber`, `email`,`createdby`,`created_on`,`updatedby`,`updated_on`) VALUES (1,1,'Nokia Pasedena', '343 streat', 'Pasedena', 1, 1, '90110', '56999123', '4598675', 'abc@email.com',NULL,NULL,NULL,NULL);
 
 
/**  data for sps_organizationtype */
 
INSERT INTO `smartparking`.`sps_organizationtype` (`typeid`,`type_name`,`description`) VALUES (1,'SolutionProvider','Top level Solution Owner');
INSERT INTO `smartparking`.`sps_organizationtype` (`typeid`,`type_name`,`description`) VALUES (2,'ServiceProvider','Service providers under the Solution Owner');
INSERT INTO `smartparking`.`sps_organizationtype` (`typeid`,`type_name`,`description`) VALUES (3,'ParkingOwner','Parking Owners unders the Service Provider');
 
/*Data for the table `sps_permissions` */
 
insert into `smartparking`.`sps_permissions` (`permissionId`,`permission`) values (1,'View_All'),(2,'View_Revenue_ServiceProvider'),(3,'View_Revenue_ParkingZone'),(4,'View_Parking_Occupancy'),(5,'View_Parking_History'),(6,'View_Payment_History'),(7,'View_Booking_History'),(8,'View_Device'),(9,'View_ServiceProvider'),(10,'View_ParkingOwner'),(11,'View_ParkingZones'),(12,'View_User'),(13,'View_User_Service'),(14,'View_User_Parking'),(15,'View_Customer'),(16,'Create_User'),(17,'Create_Service_User'),(18,'Create_Parking_User'),(19,'Create_ServiceProvider'),(20,'Create_ParkingOwner'),(21,'Create_ParkingZones'),(22,'Add_Device'),(23,'Update_User'),(24,'Update_Service_User'),(25,'Update_Parking_User'),(26,'Update_ServiceProvider'),(27,'Update_ParkingOwner'),(28,'DeRegister_ParkingOwner'),(29,'Update_ParkingZones'),(30,'Update_Device'),(31,'Delete_User'),(32,'Delete_Service_User'),(33,'Delete_Parking_User'),(34,'Delete_ServiceProvider'),(35,'Delete_ParkingOwner'),(36,'Delete_ParkingZones'),(37,'Delete_Device'),(38,'Register_ParkingOwner');
 
/*Data for the table `smartparking`.`sps_role` */
 
insert into `smartparking`.`sps_role` (`roleId`,`role_name`,`description`,`type`) values (1,'SuperAdmin','access for all the controls.',1),(2,'Solution_User_Access','access for all type of user crud operations.',1),(3,'Solution_Organization_Access','access for all type of crud operations on organization for service providers and parking owner.',1),(4,'ServiceAdmin','all permissions at service level for a particular service provider.',2),(5,'ServiceRevenue','access of all kinds of revenue reports for a particular service provider.',2),(6,'ServiceReport','access of booking,occupancy,payment reports for a particular service provider.',2),(7,'Service_User_Access','access of crud on user module for a particular service provider.',2),(8,'ParkingAdmin','all permissions at parking level for a particular parking owner.',3),(9,'ParkingRevenue','access of revenue reports for a particular parking owner.',3),(10,'ParkingReport','access of booking,occupancy,payment reports for particular parking owner.',3),(11,'Parking_User_Access','access of crud on user module for a particular parking owner.',3),(12,'Device_Access','access of Inventory manager for devices(sensor/gateways).',3);
 
/*Data for the table `smartparking`.`sps_roletopermissionmap` */
 
insert into `smartparking`.`sps_roletopermissionmap` (`id`,`role`,`permission`) values (1,1,1),(2,1,16),(3,1,19),(4,1,20),(5,1,21),(6,1,22),(7,1,23),(8,1,26),(9,1,27),(10,1,28),(11,1,29),(12,1,30),(13,1,31),(14,1,34),(15,1,35),(16,1,36),(17,1,37),(18,2,12),(19,2,16),(20,2,23),(21,2,31),(22,3,9),(23,3,10),(24,3,19),(25,3,20),(26,3,26),(27,3,27),(28,3,34),(29,3,35),(30,4,2),(31,4,3),(32,4,4),(33,4,5),(34,4,6),(35,4,7),(36,4,8),(37,4,10),(38,4,11),(39,4,13),(40,4,14),(41,4,17),(42,4,18),(43,4,20),(44,4,21),(45,4,22),(46,4,24),(47,4,25),(48,4,27),(49,4,29),(50,4,32),(51,4,33),(52,4,35),(53,4,36),(54,4,37),(55,5,2),(56,5,3),(57,5,10),(58,5,11),(59,6,4),(60,6,5),(61,6,6),(62,6,7),(63,6,10),(64,6,11),(65,7,13),(66,7,17),(67,7,24),(68,7,32),(69,8,3),(70,8,4),(71,8,5),(72,8,6),(73,8,7),(74,8,8),(75,8,11),(76,8,14),(77,8,18),(78,8,25),(79,8,33),(80,9,3),(81,9,11),(82,10,4),(83,10,5),(84,10,6),(85,10,7),(86,10,11),(87,11,14),(88,11,18),(89,11,25),(90,11,33),(91,12,8),(92,12,22),(93,12,30),(94,12,37),(95,1,38),(96, 4, 28);
 
 
/**  data for sps_organization */
 
INSERT INTO `smartparking`.`sps_organization` (`orgid`,`name`,`contact_name`,`address`,`status`,`createdby`,`created_on`,`updatedby`,`updated_on`) VALUES (1,'Nokia','87651298',1,1,NULL,NULL,NULL,NULL);
 
 
/**  data for sps_orgtypemap */
 
INSERT INTO `smartparking`.`sps_orgtypemap` (`mapid`,`organization`,`type`) VALUES (1,1,1);
 
 
/**  data for sps_user */
 
INSERT INTO `smartparking`.`sps_user` (`userId`,`username`,`firstname`,`lastname`,`password`,`organization`,`role`,`status`,`createdby`,`created_on`,`updatedby`,`updated_on`) VALUES (1,'SB00432010','Stuti','Bajpai','$2a$10$luTNYAHAGe6DfTeaz656G.bsFfx6pcdyZV2IlmQkMNtP053HyfC5W',1,1,1,NULL,NULL,NULL,NULL);
 
/**  data for sps_facility */
INSERT INTO `smartparking`.`sps_facility` (`facility`, `description`, `status`) VALUES ('CarWash', 'car wash at the parking', 1);
INSERT INTO `smartparking`.`sps_facility` (`facility`, `description`, `status`) VALUES ('AirPort', 'airport checkin', 1);
 
/**  data for sps_currency */
INSERT INTO `smartparking`.`sps_currency` (`currency`, `status`) VALUES ('$', 1);
INSERT INTO `smartparking`.`sps_currency` (`currency`, `status`) VALUES ('INR', 1);
 
/**  data for sps_zonetype */
INSERT INTO `smartparking`.`sps_zonetype` (`typeId`, `type`, `description`) VALUES (1, 'Public', 'open for public');
INSERT INTO `smartparking`.`sps_zonetype` (`typeId`, `type`, `description`) VALUES (2, 'Reserved', 'reserved for the owner');
 
 
 
/**  data for sps_vehicletype */
INSERT INTO `smartparking`.`sps_vehicletype` (`vid`,`type`,`description`,`status`) VALUES (2,'FourWheeler','four wheeler vehicle',1);
 
 
/**  data for sps_slottype */
INSERT INTO `smartparking`.`sps_slottype` (`slot_type`) VALUES ('Public');
INSERT INTO `smartparking`.`sps_slottype` (`slot_type`) VALUES ('Reserved');
INSERT INTO `smartparking`.`sps_slottype` (`slot_type`) VALUES ('Handicap');
 
/**  data for sps_devicetype */
INSERT INTO `smartparking`.`sps_devicetype` (`deviceId`, `type`, `description`) VALUES (1, 'Tiny Node B-4', 'Parking Sensor');
INSERT INTO `smartparking`.`sps_devicetype` (`deviceId`, `type`, `description`) VALUES (2, 'Tiny Node G-4', 'Gateway');
 
 
/**  data for sps_securityquestions */
INSERT INTO `smartparking`.`sps_securityquestions` (`questionId`, `question`, `status`) VALUES (1, 'What is your first school name?', 1);
INSERT INTO `smartparking`.`sps_securityquestions` (`questionId`, `question`, `status`) VALUES (2, 'What is your mothers maiden name?', 1);
INSERT INTO `smartparking`.`sps_securityquestions` (`questionId`, `question`, `status`) VALUES (3, 'What is your pets name?', 1);
 
INSERT INTO `smartparking`.`sps_paymentgateway`(`gatewayId`,`gateway`,`status`)VALUES(1,'paypal',1);
 
INSERT INTO `smartparking`.`sps_resource` (`resource`, `status`) VALUES ('device/0/occupancy', 1);
INSERT INTO `smartparking`.`sps_resource` (`resource`, `status`) VALUES ('device/0/nodeTS', 1);